Title,Authors,DOI,DOI link,Venue,Citation count,Year,Abstract summary
Teaching Efficacy among College Student-Teachers of Diverse Background,"Syed Mohammad, S. Abdullah, A. Z. Khairani",-,-,-,8,2011,"College student-teachers' teaching efficacy is not correlated with their GPA, but rather with their prior qualification."
Predicting Teacher Performance With Test Scores and Grade Point Average: A Meta-Analysis,"J. D'agostino, S. Powers",10.3102/0002831208323280,https://doi.org/10.3102/0002831208323280,-,129,2009,"Teachers' performance in preparation programs, as measured by GPA, is a better predictor of teaching competence than test scores."
College GPA as a Predictor of Teacher Competency: A New Look at an Old Question,"T. James, Wayne Dumas",10.1080/00220973.1976.11011549,https://doi.org/10.1080/00220973.1976.11011549,-,4,1976,"College GPA is related to teacher competency ratings, with the relationship being stronger for those with lower GPAs."
An Analysis of URM STEM Students' GPAs Relative to Good Teaching Practices,"Amanda L. Mollet, Joshua M. Holmes, Jodi L. Linley",10.1615/jwomenminorscieneng.2021033546,https://doi.org/10.1615/jwomenminorscieneng.2021033546,Journal of Women and Minorities in Science and Engineering,1,2021,"The paper examines the relationship between effective teaching practices and college GPAs of underrepresented minority STEM students, but does not address how teachers' college GPA impacts their own teaching practices."
Discontinued knowledge growth: on the development of teachers’ general pedagogical knowledge at the transition from higher education into teaching practice,"J. König, Rudy Ligtvoet, Stefan Klemenz, Martin Rothland",10.1080/13540602.2024.2308895,https://doi.org/10.1080/13540602.2024.2308895,Teachers and Teaching: theory and practice,4,2024,Teachers with higher GPAs are less affected by the discontinuation of pedagogical knowledge growth when transitioning from higher education to teaching practice.
Raising the Bar or Locking the Door? The Effects of Increasing GPA Admission Requirements on Teacher Preparation,"J. V. Van Overschelde, M. López",10.1080/10665684.2018.1539355,https://doi.org/10.1080/10665684.2018.1539355,Equity & Excellence in Education,8,2018,Increasing GPA admission requirements for teacher preparation programs does not consistently improve teaching outcomes and may negatively impact diversity.
Correlations of National Teacher Examination Core Battery Scores and College Grade Point Average with Teaching Effectiveness of First-Year Teachers,"Donald Moore, K. Schurr, L. Henriksen",10.1177/001316449105100422,https://doi.org/10.1177/001316449105100422,-,14,1991,College GPA has a higher correlation with first-year teacher effectiveness than national teacher exam scores.
Teacher education admission criteria as measure of preparedness for teaching,"C. Casey, R. Childs",-,-,-,42,2011,"Entering GPA predicts only a small portion of variance in teacher candidates' preparedness for teaching, while a written profile is not significantly related."
Potential predictors of student teaching performance: Considering emotional intelligence,"P. Hall, J. West",-,-,-,32,2011,"College GPA and Praxis exam scores predict student teaching performance, but emotional intelligence does not."
"The Contribution of Grade Point Average (GPA), Microteching Practice Achievement and Motivation to be a Teacher on the Students’ Teaching Practicum Achievement","M. S. Masyhud, Zakiyah Tasnim, M. A. Latif",10.22259/ijrhss.0404005,https://doi.org/10.22259/ijrhss.0404005,-,4,2017,"The paper does not directly address how teachers' college GPA impacts teaching practices, but rather examines factors that contribute to students' teaching practicum achievement."
Should standardized testing define our profession?,"Lisa Borden-King, Warren Gamas, Kathy Hintz, Chelsie Hultz",10.1177/0031721720909586,https://doi.org/10.1177/0031721720909586,-,3,2020,There is no correlation between teachers' college GPA or standardized test scores and their teaching performance.
College Grade Point Average as a Predictor of Adult Success: A Meta-Analytic Review and Some Additional Evidence,Robert D. Bretz,10.1177/009102608901800102,https://doi.org/10.1177/009102608901800102,-,71,1989,"College GPA has a weak relationship with future success, including in teaching, and is not recommended as a strong predictor."
The Board of Regents of the University of Wisconsin System The Determinants of Undergraduate Grade Point Average : The Relative Importance of Family,"Betts, D. Morell",-,-,-,5,2007,"This paper examines factors that influence undergraduate GPA, but does not address how teachers' college GPA impacts their teaching practices."
Placed for Success: Which Teachers Benefit from High-Quality Student Teaching Placements?,"Kevin C. Bastian, Kristina M. Patterson, Dale Carpenter",10.1177/0895904820951126,https://doi.org/10.1177/0895904820951126,Educational Policy,19,2020,High-quality student teaching placements benefit pre-service teachers with lower GPAs more than those with higher GPAs.
Teaching practicums as an ideal setting for the development of teachers-in-training.,"Nancy Palacios, A. Reedy",10.47553/rifop.v97i36.1.89267,https://doi.org/10.47553/rifop.v97i36.1.89267,Revista Interuniversitaria de Formación del Profesorado. Continuación de la antigua Revista de Escuelas Normales,5,2022,Teaching practicums provide teachers-in-training the opportunity to implement what they have learned and connect theory to practice.
The Mystery of Good Teaching,Dan Goldhaber,-,-,-,253,2002,The paper does not directly address the impact of teachers' college GPA on their teaching practices.
"The Determinants of Undergraduate Grade Point Average: The Relative Importance of Family Background, High School Resources, and Peer Group Effects","J. Betts, D. Morell",10.2307/146346,https://doi.org/10.2307/146346,-,334,1999,"This paper examines factors that influence undergraduate GPA, but does not address how teachers' college GPA impacts their teaching practices."
Research Synthesis of Meta-Analyses of Preservice Teacher Preparation Practices in Higher Education,"C. Dunst, Deborah W. Hamby, Robin B. Howse, Helen Wilkie, Kimberly Annas",10.5539/hes.v10n1p29,https://doi.org/10.5539/hes.v10n1p29,Higher Education Studies,21,2019,"This paper does not address the impact of teachers' college GPA on teaching practices, but rather synthesizes research on effective preservice teacher preparation practices."
Evaluation of Teachers Trained Through Different Routes to Certification,"S. Corcoran, J. Jennings",10.1037/e601012011-001,https://doi.org/10.1037/e601012011-001,-,68,2010,This paper does not directly address the impact of teachers' college GPA on their teaching practices.
The Relation between GPA and Exam Performance during Interteaching and Lecture.,"Bryan K. Saville, Derek A. Pope, J. Truelove, Jacob L. Williams",10.1037/H0100728,https://doi.org/10.1037/H0100728,-,21,2012,"This paper is not directly relevant to the query about how teachers' college GPA impacts their teaching practices, as it examines the impact of interteaching on student exam performance based on students' GPAs, not teachers' GPAs."
What Makes an Effective Teacher? Quasi-Experimental Evidence,Victor Lavy,10.3386/w16885,https://doi.org/10.3386/w16885,-,115,2011,"Teaching practices, not teachers' college GPA, impact student achievement."
The Link Between Teacher Classroom Practices and Student Academic Performance,Harold H. Wenglinsky,10.14507/EPAA.V10N12.2002,https://doi.org/10.14507/EPAA.V10N12.2002,-,478,2002,"Classroom practices have a significant impact on student academic performance, comparable to student background."
Teacher and Teaching Effects on Students’ Attitudes and Behaviors,"David Blazar, M. Kraft",10.3102/0162373716670260,https://doi.org/10.3102/0162373716670260,Educational Evaluation and Policy Analysis,451,2017,The paper does not address the impact of teachers' college GPA on their teaching practices.
An Examination of Teacher Quality Variables Associated with Passing State Content Tests.,"P. Harrell, M. Harris, J. K. Jackson",-,-,-,3,2009,Content major GPA is the strongest predictor of passing state content certification tests for teachers.
"Whom do they become? A systematic review of research on the impact of practicum on student teachers’ affect, beliefs, and identities","Lisa Österling, I. Christiansen",10.29333/iejme/12380,https://doi.org/10.29333/iejme/12380,International Electronic Journal of Mathematics Education,5,2022,This paper does not appear to be relevant to the query about how teachers' college GPA impacts their teaching practices.
What Makes Good Teachers Good? A Cross-Case Analysis of the Connection Between Teacher Effectiveness and Student Achievement,"James H. Stronge, T. Ward, L. Grant",10.1177/0022487111404241,https://doi.org/10.1177/0022487111404241,-,637,2011,"The paper examines the connection between teacher effectiveness and student achievement, but does not mention teachers' college GPA."
Positive teacher-student relationships may lead to better teaching,"Xintong Li, C. Bergin, A. Olsen",10.1016/j.learninstruc.2022.101581,https://doi.org/10.1016/j.learninstruc.2022.101581,Learning and Instruction,51,2022,"Positive teacher-student relationships, rather than teachers' college GPA, may lead to better teaching practices."
"Impacts of Good Practices on Cognitive Development, Learning Orientations, and Graduate Degree Plans During the First Year of College","Ty M. Cruce, Gregory C. Wolniak, Tricia A. Seifert, Ernest T. Pascarella",10.1353/CSD.2006.0042,https://doi.org/10.1353/CSD.2006.0042,-,222,2006,This paper does not address the impact of teachers' college GPA on their teaching practices.
Teacher Characteristics and Student Achievement Gains: A Review,"A. Wayne, Peter A. Youngs",10.3102/00346543073001089,https://doi.org/10.3102/00346543073001089,-,1402,2003,"The paper reviews studies on the relationship between teacher characteristics, including college GPA, and student achievement gains."
College Grades and Labor Market Rewards,"Ethel B. Jones, J. Jackson",10.2307/145756,https://doi.org/10.2307/145756,-,178,1990,"This paper analyzes the relationship between undergraduate GPA and labor market rewards, but does not specifically address how teachers' college GPA impacts their teaching practices."
10: EXAMINING EFFECTIVE FACULTY PRACTICE,"Allison BrckaLorenz, Tony Ribera, Jillian Kinzie, Eddie R. Cole",10.1002/J.2334-4822.2012.TB00679.X,https://doi.org/10.1002/J.2334-4822.2012.TB00679.X,-,19,2012,This paper does not address the impact of teachers' college GPA on their teaching practices.
STUDENT EFFICIENCY: A STUDY ON THE BEHAVIOR AND PRODUCTIVE EFFICIENCY OF COLLEGE STUDENTS AND THE DETERMINANTS OF GPA,Rebecca Nelson,-,-,-,8,2003,"This paper examines the determinants of college students' GPA, but does not address how teachers' college GPA impacts their teaching practices."